{
  "IdleLeft": {
    "Frame0": [ 70.0, 180.0, 161.0, 32.0 ],
    "NumFrames": 1,
    "Repeating": true,
    "SecsPerFrame": 0.07999999821186066
  },
  "IdleRight": {
    "Frame0": [ 12.0, 410.0, 603.0, 249.0 ],
    "NumFrames": 1,
    "Repeating": true,
    "SecsPerFrame": 0.07999999821186066
  },
  "WalkLeft": {
    "Frame0": [ 70.0, 180.0, 161.0, 32.0 ],
    "Frame1": [ 293.0, 182.0, 378.0, 26.0 ],
    "Frame2": [ 515.0, 184.0, 603.0, 82.0 ],
    "Frame3": [ 68.0, 410.0, 152.0, 246.0 ],
    "NumFrames": 4,
    "Repeating": true,
    "SecsPerFrame": 0.07999999821186066
  },
  "WalkRight": {
    "Frame0": [ 289.0, 408.0, 379.0, 254.0 ],
    "Frame1": [ 512.0, 410.0, 603.0, 249.0 ],
    "Frame2": [ 66.0, 632.0, 154.0, 478.0 ],
    "Frame3": [ 294.0, 634.0, 383.0, 474.0 ],
    "NumFrames": 4,
    "Repeating": true,
    "SecsPerFrame": 0.07999999821186066
  }
}
